ingest_date,district,bedrooms,currency,listing_count,avg_price,median_price,min_price,max_price,avg_area_m2,median_price_per_m2,new_listing_count,removed_listing_count,price_changed_count,offer_change_pct,calculated_at
2026-07-14,27 De Abril,3,PEN,2,1650,1650,1650,1650,113,14.6,2,0,0,null,2026-07-14T01:25:15.299954Z
2026-07-14,Alborada,1,PEN,1,1550,1550,1550,1550,48,32.29,1,0,0,null,2026-07-14T01:25:15.299954Z
2026-07-14,Alexander Von Humboldt,2,PEN,1,3000,3000,3000,3000,90,33.33,1,0,0,null,2026-07-14T01:25:15.299954Z
2026-07-14,Arboleda De Maranga,2,PEN,1,2200,2200,2200,2200,60,36.67,1,0,0,null,2026-07-14T01:25:15.299954Z
2026-07-14,Ariosto Matellini,3,PEN,1,2300,2300,2300,2300,160,14.38,1,0,0,null,2026-07-14T01:25:15.299954Z
2026-07-14,Ate Vitarte,2,PEN,5,1516,1400,1200,2000,79.6,19.18,5,0,0,null,2026-07-14T01:25:15.299954Z
2026-07-14,Ate Vitarte,3,PEN,3,1533,1200,899,2500,100.67,13.42,3,0,0,null,2026-07-14T01:25:15.299954Z
2026-07-14,Atlantis,3,PEN,1,2500,2500,2500,2500,80,31.25,1,0,0,null,2026-07-14T01:25:15.299954Z
2026-07-14,Aurora,2,PEN,1,4000,4000,4000,4000,89,44.94,1,0,0,null,2026-07-14T01:25:15.299954Z
2026-07-14,Aurora,3,PEN,2,6305,6000,6000,6610,192,32.09,2,0,0,null,2026-07-14T01:25:15.299954Z
2026-07-14,Balconcillo,2,PEN,3,2100,2100,1800,2400,61.33,38.89,3,0,0,null,2026-07-14T01:25:15.299954Z
2026-07-14,Barboncito,1,PEN,1,1100,1100,1100,1100,15,73.33,1,0,0,null,2026-07-14T01:25:15.299954Z
2026-07-14,Barranco,1,PEN,25,2496,2500,1800,3300,49.88,49.14,25,0,0,null,2026-07-14T01:25:15.299954Z
2026-07-14,Barranco,2,PEN,10,2614,2600,2100,3200,61.1,44.83,10,0,0,null,2026-07-14T01:25:15.299954Z
2026-07-14,Barranco,3,PEN,4,2850,2400,2400,3300,74.25,33.33,4,0,0,null,2026-07-14T01:25:15.299954Z
2026-07-14,Barrio Medico,1,PEN,2,2100,1900,1900,2300,40.5,51.11,2,0,0,null,2026-07-14T01:25:15.299954Z
2026-07-14,Barrio Medico,2,PEN,2,2325,2300,2300,2350,54.5,39.17,2,0,0,null,2026-07-14T01:25:15.299954Z
2026-07-14,Breña,1,PEN,1,1200,1200,1200,1200,40,30,1,0,0,null,2026-07-14T01:25:15.299954Z
2026-07-14,Breña,2,PEN,8,1712.5,1600,1400,2300,66.13,22.86,8,0,0,null,2026-07-14T01:25:15.299954Z
2026-07-14,Breña,3,PEN,3,1900,1900,1800,2000,81.67,21.18,3,0,0,null,2026-07-14T01:25:15.299954Z
2026-07-14,Bujama,3,PEN,1,1300,1300,1300,1300,56,23.21,1,0,0,null,2026-07-14T01:25:15.299954Z
2026-07-14,Calera,2,PEN,1,3400,3400,3400,3400,100,34,1,0,0,null,2026-07-14T01:25:15.299954Z
2026-07-14,Callao,1,PEN,1,1100,1100,1100,1100,77,14.29,1,0,0,null,2026-07-14T01:25:15.299954Z
2026-07-14,Callao,2,PEN,2,1550,1500,1500,1600,59,22.39,2,0,0,null,2026-07-14T01:25:15.299954Z
2026-07-14,Callao,3,PEN,2,1950,1400,1400,2500,67.5,22.58,2,0,0,null,2026-07-14T01:25:15.299954Z
2026-07-14,Camacho,2,PEN,1,2600,2600,2600,2600,85,30.59,1,0,0,null,2026-07-14T01:25:15.299954Z
2026-07-14,Carabayllo,2,PEN,1,550,550,550,550,50,11,1,0,0,null,2026-07-14T01:25:15.299954Z
2026-07-14,Carabayllo,3,PEN,3,1466.67,1600,1000,1800,121.67,11.03,3,0,0,null,2026-07-14T01:25:15.299954Z
2026-07-14,Chacarilla Del Estanque,1,PEN,1,2800,2800,2800,2800,100,28,1,0,0,null,2026-07-14T01:25:15.299954Z
2026-07-14,Chacarilla Del Estanque,2,PEN,1,2800,2800,2800,2800,90,31.11,1,0,0,null,2026-07-14T01:25:15.299954Z
2026-07-14,Chacarilla Santa Cruz,1,PEN,1,3500,3500,3500,3500,50,70,1,0,0,null,2026-07-14T01:25:15.299954Z
2026-07-14,Chama,3,PEN,2,2895,2300,2300,3490,109.5,26.24,2,0,0,null,2026-07-14T01:25:15.299954Z
2026-07-14,Chancas De Andahuaylas,3,PEN,1,1700,1700,1700,1700,80,21.25,1,0,0,null,2026-07-14T01:25:15.299954Z
2026-07-14,Chorrillos,1,PEN,4,1600,1200,900,2500,44.75,34.29,4,0,0,null,2026-07-14T01:25:15.299954Z
2026-07-14,Chorrillos,2,PEN,4,1622.5,1600,1350,1890,66.5,22.5,4,0,0,null,2026-07-14T01:25:15.299954Z
2026-07-14,Chorrillos,3,PEN,8,2162.38,2000,1599,3000,86.88,25.21,8,0,0,null,2026-07-14T01:25:15.299954Z
2026-07-14,Chosica (lurigancho),3,PEN,1,1600,1600,1600,1600,89,17.98,1,0,0,null,2026-07-14T01:25:15.299954Z
2026-07-14,Colmenares,3,PEN,2,2545,2300,2300,2790,95,24.26,2,0,0,null,2026-07-14T01:25:15.299954Z
2026-07-14,Comas,1,PEN,1,1500,1500,1500,1500,37,40.54,1,0,0,null,2026-07-14T01:25:15.299954Z
2026-07-14,Comas,2,PEN,1,2500,2500,2500,2500,84,29.76,1,0,0,null,2026-07-14T01:25:15.299954Z
2026-07-14,Comas,3,PEN,8,1106.13,1000,800,1700,67.25,18.18,8,0,0,null,2026-07-14T01:25:15.299954Z
2026-07-14,Condado Real,4,PEN,1,2200,2200,2200,2200,110,20,1,0,0,null,2026-07-14T01:25:15.299954Z
2026-07-14,Confraternidad,1,PEN,1,2380,2380,2380,2380,50,47.6,1,0,0,null,2026-07-14T01:25:15.299954Z
2026-07-14,Corpac,1,PEN,1,2600,2600,2600,2600,45,57.78,1,0,0,null,2026-07-14T01:25:15.299954Z
2026-07-14,Corpac,2,PEN,2,3000,2300,2300,3700,68.5,33.82,2,0,0,null,2026-07-14T01:25:15.299954Z
2026-07-14,Corpac,3,PEN,1,4650,4650,4650,4650,151,30.79,1,0,0,null,2026-07-14T01:25:15.299954Z
2026-07-14,Costa Sur,1,PEN,1,1900,1900,1900,1900,40,47.5,1,0,0,null,2026-07-14T01:25:15.299954Z
2026-07-14,Country Club,2,PEN,1,3000,3000,3000,3000,62,48.39,1,0,0,null,2026-07-14T01:25:15.299954Z
2026-07-14,Covida,2,PEN,1,1400,1400,1400,1400,70,20,1,0,0,null,2026-07-14T01:25:15.299954Z
2026-07-14,El Agustino,2,PEN,1,1350,1350,1350,1350,59,22.88,1,0,0,null,2026-07-14T01:25:15.299954Z
2026-07-14,El Asesor,2,PEN,1,1050,1050,1050,1050,75,14,1,0,0,null,2026-07-14T01:25:15.299954Z
2026-07-14,El Parque Naranjal,4,PEN,1,1650,1650,1650,1650,115,14.35,1,0,0,null,2026-07-14T01:25:15.299954Z
2026-07-14,El Pinar,2,PEN,1,142000,142000,142000,142000,52,2730.77,1,0,0,null,2026-07-14T01:25:15.299954Z
2026-07-14,El Retablo,2,PEN,1,920,920,920,920,50,18.4,1,0,0,null,2026-07-14T01:25:15.299954Z
2026-07-14,El Retablo,3,PEN,2,850,800,800,900,55,14.55,2,0,0,null,2026-07-14T01:25:15.299954Z
2026-07-14,El Rosal,2,PEN,1,2400,2400,2400,2400,48,50,1,0,0,null,2026-07-14T01:25:15.299954Z
2026-07-14,El Rosario,1,PEN,1,3200,3200,3200,3200,45,71.11,1,0,0,null,2026-07-14T01:25:15.299954Z
2026-07-14,El Silencio,4,PEN,1,5000,5000,5000,5000,170,29.41,1,0,0,null,2026-07-14T01:25:15.299954Z
2026-07-14,El Sol De Chorrillos,1,PEN,1,1530,1530,1530,1530,39,39.23,1,0,0,null,2026-07-14T01:25:15.299954Z
2026-07-14,El Sol De La Molina Et.1,1,PEN,1,1500,1500,1500,1500,35,42.86,1,0,0,null,2026-07-14T01:25:15.299954Z
2026-07-14,Far West Villas,4,PEN,1,3000,3000,3000,3000,140,21.43,1,0,0,null,2026-07-14T01:25:15.299954Z
2026-07-14,Higuereta,3,PEN,1,3980,3980,3980,3980,119,33.45,1,0,0,null,2026-07-14T01:25:15.299954Z
2026-07-14,Honor Y Lealtad,3,PEN,1,1800,1800,1800,1800,120,15,1,0,0,null,2026-07-14T01:25:15.299954Z
2026-07-14,Independencia,1,PEN,2,800,750,750,850,33,22.73,2,0,0,null,2026-07-14T01:25:15.299954Z
2026-07-14,Independencia,2,PEN,2,1525,1400,1400,1650,82,12.73,2,0,0,null,2026-07-14T01:25:15.299954Z
2026-07-14,Independencia,3,PEN,1,1199,1199,1199,1199,75,15.99,1,0,0,null,2026-07-14T01:25:15.299954Z
2026-07-14,Ingeniero Antunez De Mayolo,3,PEN,1,2600,2600,2600,2600,115,22.61,1,0,0,null,2026-07-14T01:25:15.299954Z
2026-07-14,Isla Verde,2,PEN,1,2600,2600,2600,2600,80,32.5,1,0,0,null,2026-07-14T01:25:15.299954Z
2026-07-14,Jardines De Aramburu,3,PEN,1,2990,2990,2990,2990,78,38.33,1,0,0,null,2026-07-14T01:25:15.299954Z
2026-07-14,Javier Prado,1,PEN,2,1225,1200,1200,1250,29,32.89,2,0,0,null,2026-07-14T01:25:15.299954Z
2026-07-14,Jesús María,1,PEN,27,2001.37,2000,1500,3000,44.26,45,27,0,0,null,2026-07-14T01:25:15.299954Z
2026-07-14,Jesús María,2,PEN,22,2329.45,2400,1600,3500,61.5,39.34,22,0,0,null,2026-07-14T01:25:15.299954Z
2026-07-14,Jesús María,3,PEN,21,3063.76,2850,2000,4300,88.3,35.29,21,0,0,null,2026-07-14T01:25:15.299954Z
2026-07-14,Jesús María,4,PEN,1,3500,3500,3500,3500,96,36.46,1,0,0,null,2026-07-14T01:25:15.299954Z
2026-07-14,Jorge Chavez,1,PEN,1,1850,1850,1850,1850,39,47.44,1,0,0,null,2026-07-14T01:25:15.299954Z
2026-07-14,Jose Balta,3,PEN,1,5900,5900,5900,5900,153,38.56,1,0,0,null,2026-07-14T01:25:15.299954Z
2026-07-14,La Calera,1,PEN,2,1825,1650,1650,2000,49.5,36.67,2,0,0,null,2026-07-14T01:25:15.299954Z
2026-07-14,La Calera,3,PEN,1,2100,2100,2100,2100,77,27.27,1,0,0,null,2026-07-14T01:25:15.299954Z
2026-07-14,La Calera De La Merced,1,PEN,3,1700,1700,1650,1750,41.67,42.5,3,0,0,null,2026-07-14T01:25:15.299954Z
2026-07-14,La Calera De La Merced,2,PEN,3,2283.33,2100,2000,2750,68,32.81,3,0,0,null,2026-07-14T01:25:15.299954Z
2026-07-14,La Calera De La Merced,3,PEN,5,2870,2800,2450,3600,84.8,34.67,5,0,0,null,2026-07-14T01:25:15.299954Z
2026-07-14,La Campiña,2,PEN,1,1600,1600,1600,1600,69,23.19,1,0,0,null,2026-07-14T01:25:15.299954Z
2026-07-14,La Campiña,3,PEN,3,1600,1500,1500,1800,69.67,24.19,3,0,0,null,2026-07-14T01:25:15.299954Z
2026-07-14,La Capilla,2,PEN,1,1350,1350,1350,1350,70,19.29,1,0,0,null,2026-07-14T01:25:15.299954Z
2026-07-14,La Capilla,3,PEN,1,2600,2600,2600,2600,97,26.8,1,0,0,null,2026-07-14T01:25:15.299954Z
2026-07-14,La Capullana,1,PEN,1,1450,1450,1450,1450,23,63.04,1,0,0,null,2026-07-14T01:25:15.299954Z
2026-07-14,La Castellana,2,PEN,1,3200,3200,3200,3200,58,55.17,1,0,0,null,2026-07-14T01:25:15.299954Z
2026-07-14,La Esperanza,2,PEN,1,2500,2500,2500,2500,56,44.64,1,0,0,null,2026-07-14T01:25:15.299954Z
2026-07-14,La Macarena,3,PEN,1,2700,2700,2700,2700,120,22.5,1,0,0,null,2026-07-14T01:25:15.299954Z
2026-07-14,La Mar,2,PEN,1,1800,1800,1800,1800,70,25.71,1,0,0,null,2026-07-14T01:25:15.299954Z
2026-07-14,La Mar,3,PEN,2,2225,2150,2150,2300,84.5,25.29,2,0,0,null,2026-07-14T01:25:15.299954Z
2026-07-14,La Molina,1,PEN,2,1450,1200,1200,1700,49.5,28.33,2,0,0,null,2026-07-14T01:25:15.299954Z
2026-07-14,La Molina,2,PEN,3,1830,1600,1200,2690,67,26.67,3,0,0,null,2026-07-14T01:25:15.299954Z
2026-07-14,La Molina,3,PEN,5,2499.8,2600,2000,2800,106.4,24.07,5,0,0,null,2026-07-14T01:25:15.299954Z
2026-07-14,La Molina Vieja,2,PEN,1,2700,2700,2700,2700,120,22.5,1,0,0,null,2026-07-14T01:25:15.299954Z
2026-07-14,La Victoria,1,PEN,5,1980,2000,1600,2300,40.2,45.71,5,0,0,null,2026-07-14T01:25:15.299954Z
2026-07-14,La Victoria,2,PEN,8,2168.88,2101,1500,2500,62.5,36.92,8,0,0,null,2026-07-14T01:25:15.299954Z
2026-07-14,La Victoria,3,PEN,3,2863.33,2990,2400,3200,81,33.22,3,0,0,null,2026-07-14T01:25:15.299954Z
2026-07-14,La Viña,2,PEN,1,1400,1400,1400,1400,70,20,1,0,0,null,2026-07-14T01:25:15.299954Z
2026-07-14,Las Begonias,1,PEN,1,1399,1399,1399,1399,25,55.96,1,0,0,null,2026-07-14T01:25:15.299954Z
2026-07-14,Las Colinas De Monterrico,3,PEN,1,2500,2500,2500,2500,80,31.25,1,0,0,null,2026-07-14T01:25:15.299954Z
2026-07-14,Las Gardenias,2,PEN,1,2300,2300,2300,2300,72,31.94,1,0,0,null,2026-07-14T01:25:15.299954Z
2026-07-14,Las Lomas De La Molina Vieja,2,PEN,1,1450,1450,1450,1450,80,18.13,1,0,0,null,2026-07-14T01:25:15.299954Z
2026-07-14,Las Magnolias,3,PEN,1,3200,3200,3200,3200,84,38.1,1,0,0,null,2026-07-14T01:25:15.299954Z
2026-07-14,Las Palmeras,1,PEN,1,700,700,700,700,40,17.5,1,0,0,null,2026-07-14T01:25:15.299954Z
2026-07-14,Las Praderas De La Molina,2,PEN,1,2100,2100,2100,2100,120,17.5,1,0,0,null,2026-07-14T01:25:15.299954Z
2026-07-14,Las Torres De Limatambo,3,PEN,1,2600,2600,2600,2600,82,31.71,1,0,0,null,2026-07-14T01:25:15.299954Z
2026-07-14,Leuro,3,PEN,1,4500,4500,4500,4500,100,45,1,0,0,null,2026-07-14T01:25:15.299954Z
2026-07-14,Lima,1,PEN,1,2500,2500,2500,2500,42,59.52,1,0,0,null,2026-07-14T01:25:15.299954Z
2026-07-14,Lima,2,PEN,2,1525,750,750,2300,55.5,12.5,2,0,0,null,2026-07-14T01:25:15.299954Z
2026-07-14,Lima,3,PEN,2,2275,1450,1450,3100,86.5,14.5,2,0,0,null,2026-07-14T01:25:15.299954Z
2026-07-14,Lima,4,PEN,1,2100,2100,2100,2100,136,15.44,1,0,0,null,2026-07-14T01:25:15.299954Z
2026-07-14,Lima Cercado,1,PEN,6,1533.33,1450,1300,1900,53.5,27.54,6,0,0,null,2026-07-14T01:25:15.299954Z
2026-07-14,Lima Cercado,2,PEN,9,1894.44,1900,1600,2200,60.89,31.37,9,0,0,null,2026-07-14T01:25:15.299954Z
2026-07-14,Lima Cercado,3,PEN,5,2070,2200,1500,2500,87.2,27.5,5,0,0,null,2026-07-14T01:25:15.299954Z
2026-07-14,Limatambo,1,PEN,1,3400,3400,3400,3400,71,47.89,1,0,0,null,2026-07-14T01:25:15.299954Z
2026-07-14,Limatambo,2,PEN,5,2200,2200,1850,2550,56.6,39.23,5,0,0,null,2026-07-14T01:25:15.299954Z
2026-07-14,Lince,1,PEN,14,2150,2200,1200,2600,47.93,47.67,14,0,0,null,2026-07-14T01:25:15.299954Z
2026-07-14,Lince,2,PEN,27,2262.89,2300,1500,3700,64.41,36.81,27,0,0,null,2026-07-14T01:25:15.299954Z
2026-07-14,Lince,3,PEN,12,3183.33,3000,2000,5200,79.75,38.75,12,0,0,null,2026-07-14T01:25:15.299954Z
2026-07-14,Lobaton,2,PEN,1,2500,2500,2500,2500,58,43.1,1,0,0,null,2026-07-14T01:25:15.299954Z
2026-07-14,Lobaton,3,PEN,1,2600,2600,2600,2600,89,29.21,1,0,0,null,2026-07-14T01:25:15.299954Z
2026-07-14,Los Alamos De Monterrico,1,PEN,1,1850,1850,1850,1850,70,26.43,1,0,0,null,2026-07-14T01:25:15.299954Z
2026-07-14,Los Alamos De Monterrico,3,PEN,1,2950,2950,2950,2950,86,34.3,1,0,0,null,2026-07-14T01:25:15.299954Z
2026-07-14,Los Cedros De Villa,3,PEN,2,2000,1600,1600,2400,95,20,2,0,0,null,2026-07-14T01:25:15.299954Z
2026-07-14,Los Cipreses,3,PEN,1,1700,1700,1700,1700,69,24.64,1,0,0,null,2026-07-14T01:25:15.299954Z
2026-07-14,Los Ficus,1,PEN,1,950,950,950,950,50,19,1,0,0,null,2026-07-14T01:25:15.299954Z
2026-07-14,Los Girasoles De La Molina,2,PEN,1,1950,1950,1950,1950,95,20.53,1,0,0,null,2026-07-14T01:25:15.299954Z
2026-07-14,Los Huertos De La Molina,2,PEN,1,2000,2000,2000,2000,110,18.18,1,0,0,null,2026-07-14T01:25:15.299954Z
2026-07-14,Los Libertadores,3,PEN,1,2200,2200,2200,2200,139,15.83,1,0,0,null,2026-07-14T01:25:15.299954Z
2026-07-14,Los Manzanos,4,PEN,1,1900,1900,1900,1900,160,11.88,1,0,0,null,2026-07-14T01:25:15.299954Z
2026-07-14,Los Olivos,1,PEN,1,1000,1000,1000,1000,50,20,1,0,0,null,2026-07-14T01:25:15.299954Z
2026-07-14,Los Olivos,2,PEN,2,1300,1100,1100,1500,60,21.43,2,0,0,null,2026-07-14T01:25:15.299954Z
2026-07-14,Los Olivos,3,PEN,6,1490,1500,1090,1900,92.5,16.52,6,0,0,null,2026-07-14T01:25:15.299954Z
2026-07-14,Los Parques De Villa El Salvador,3,PEN,1,1300,1300,1300,1300,62,20.97,1,0,0,null,2026-07-14T01:25:15.299954Z
2026-07-14,Los Portales De Carabayllo,3,PEN,1,800,800,800,800,54,14.81,1,0,0,null,2026-07-14T01:25:15.299954Z
2026-07-14,Los Prados De San Miguel,3,PEN,1,2000,2000,2000,2000,80,25,1,0,0,null,2026-07-14T01:25:15.299954Z
2026-07-14,Los Robles De Ate,4,PEN,1,1500,1500,1500,1500,120,12.5,1,0,0,null,2026-07-14T01:25:15.299954Z
2026-07-14,Los Rosales,2,PEN,1,2100,2100,2100,2100,59,35.59,1,0,0,null,2026-07-14T01:25:15.299954Z
2026-07-14,Los Sauces,2,PEN,2,2150,2100,2100,2200,46.5,44,2,0,0,null,2026-07-14T01:25:15.299954Z
2026-07-14,Los Sauces,3,PEN,1,2500,2500,2500,2500,100,25,1,0,0,null,2026-07-14T01:25:15.299954Z
2026-07-14,Los Tulipanes,2,PEN,1,950,950,950,950,70,13.57,1,0,0,null,2026-07-14T01:25:15.299954Z
2026-07-14,Los Vencedores,2,PEN,1,1050,1050,1050,1050,54,19.44,1,0,0,null,2026-07-14T01:25:15.299954Z
2026-07-14,Lurín,2,PEN,2,1250,1200,1200,1300,70,17.14,2,0,0,null,2026-07-14T01:25:15.299954Z
2026-07-14,Lurín,3,PEN,1,1250,1250,1250,1250,85,14.71,1,0,0,null,2026-07-14T01:25:15.299954Z
2026-07-14,Magdalena,1,PEN,12,2215.75,2200,1700,2800,43.67,50,12,0,0,null,2026-07-14T01:25:15.299954Z
2026-07-14,Magdalena,2,PEN,14,2459.93,2300,1600,3600,66.64,34.02,14,0,0,null,2026-07-14T01:25:15.299954Z
2026-07-14,Magdalena,3,PEN,11,2799.91,2600,2300,3800,80,34.85,11,0,0,null,2026-07-14T01:25:15.299954Z
2026-07-14,Magdalena Vieja,2,PEN,1,1750,1750,1750,1750,70,25,1,0,0,null,2026-07-14T01:25:15.299954Z
2026-07-14,Mala,3,PEN,1,800,800,800,800,75,10.67,1,0,0,null,2026-07-14T01:25:15.299954Z
2026-07-14,Mangomarca,2,PEN,1,1200,1200,1200,1200,80,15,1,0,0,null,2026-07-14T01:25:15.299954Z
2026-07-14,Maranga,2,PEN,2,1900,1700,1700,2100,67.5,24.71,2,0,0,null,2026-07-14T01:25:15.299954Z
2026-07-14,Maranga,3,PEN,6,2245,2270,2000,2400,80.83,28.75,6,0,0,null,2026-07-14T01:25:15.299954Z
2026-07-14,Maranga Etapa Ii,3,PEN,1,2500,2500,2500,2500,92,27.17,1,0,0,null,2026-07-14T01:25:15.299954Z
2026-07-14,Mariscal Andres Avelino Caceres,3,PEN,1,1200,1200,1200,1200,72,16.67,1,0,0,null,2026-07-14T01:25:15.299954Z
2026-07-14,Mariscal Ramon Castilla,1,PEN,1,1650,1650,1650,1650,45,36.67,1,0,0,null,2026-07-14T01:25:15.299954Z
2026-07-14,Mariscal Ramon Castilla,2,PEN,1,2150,2150,2150,2150,65,33.08,1,0,0,null,2026-07-14T01:25:15.299954Z
2026-07-14,Mariscal Ramon Castilla,3,PEN,1,2500,2500,2500,2500,90,27.78,1,0,0,null,2026-07-14T01:25:15.299954Z
2026-07-14,Marques De Corpac,2,PEN,2,1275,1250,1250,1300,65,18.57,2,0,0,null,2026-07-14T01:25:15.299954Z
2026-07-14,Mayorazgo,1,PEN,1,1300,1300,1300,1300,50,26,1,0,0,null,2026-07-14T01:25:15.299954Z
2026-07-14,Mayorazgo,3,PEN,1,2350,2350,2350,2350,102,23.04,1,0,0,null,2026-07-14T01:25:15.299954Z
2026-07-14,Mayorazgo Etapa Iii,2,PEN,1,1500,1500,1500,1500,100,15,1,0,0,null,2026-07-14T01:25:15.299954Z
2026-07-14,Miraflores,1,PEN,36,2452.56,2500,1100,3990,49.94,50.94,36,0,0,null,2026-07-14T01:25:15.299954Z
2026-07-14,Miraflores,2,PEN,50,3293.94,3100,2100,7100,82.18,38.67,50,0,0,null,2026-07-14T01:25:15.299954Z
2026-07-14,Miraflores,3,PEN,13,3769.15,3500,3000,4500,105.69,41.25,13,0,0,null,2026-07-14T01:25:15.299954Z
2026-07-14,Miraflores,4,PEN,1,11000,11000,11000,11000,300,36.67,1,0,0,null,2026-07-14T01:25:15.299954Z
2026-07-14,Miramar,1,PEN,1,1700,1700,1700,1700,40,42.5,1,0,0,null,2026-07-14T01:25:15.299954Z
2026-07-14,Miramar,2,PEN,3,1616.67,1650,1200,2000,49,33,3,0,0,null,2026-07-14T01:25:15.299954Z
2026-07-14,Miramar,3,PEN,2,2200,2100,2100,2300,72.5,28,2,0,0,null,2026-07-14T01:25:15.299954Z
2026-07-14,Monterrico,1,PEN,1,2200,2200,2200,2200,60,36.67,1,0,0,null,2026-07-14T01:25:15.299954Z
2026-07-14,Monterrico,3,PEN,1,3000,3000,3000,3000,105,28.57,1,0,0,null,2026-07-14T01:25:15.299954Z
2026-07-14,Naranjal,4,PEN,1,2500,2500,2500,2500,160,15.63,1,0,0,null,2026-07-14T01:25:15.299954Z
2026-07-14,Nuevo Progreso,2,PEN,1,850,850,850,850,60,14.17,1,0,0,null,2026-07-14T01:25:15.299954Z
2026-07-14,Obreros Municipales De Surquillo,3,PEN,1,3500,3500,3500,3500,84,41.67,1,0,0,null,2026-07-14T01:25:15.299954Z
2026-07-14,Orrantia,1,PEN,4,1612.5,1650,1400,1700,25.25,62.96,4,0,0,null,2026-07-14T01:25:15.299954Z
2026-07-14,Orrantia,3,PEN,1,4800,4800,4800,4800,136,35.29,1,0,0,null,2026-07-14T01:25:15.299954Z
2026-07-14,Orrantia Del Mar,1,PEN,1,2200,2200,2200,2200,52,42.31,1,0,0,null,2026-07-14T01:25:15.299954Z
2026-07-14,Orrantia Del Mar,2,PEN,3,2666.67,2700,2600,2700,62.67,41.54,3,0,0,null,2026-07-14T01:25:15.299954Z
2026-07-14,Oyague,1,PEN,1,1800,1800,1800,1800,41,43.9,1,0,0,null,2026-07-14T01:25:15.299954Z
2026-07-14,Oyague,2,PEN,1,2700,2700,2700,2700,75,36,1,0,0,null,2026-07-14T01:25:15.299954Z
2026-07-14,Palao,3,PEN,2,1300,700,700,1900,110,5.83,2,0,0,null,2026-07-14T01:25:15.299954Z
2026-07-14,Palomino,2,PEN,1,1600,1600,1600,1600,90,17.78,1,0,0,null,2026-07-14T01:25:15.299954Z
2026-07-14,Pando,1,PEN,1,1400,1400,1400,1400,60,23.33,1,0,0,null,2026-07-14T01:25:15.299954Z
2026-07-14,Pando Etapa Viii,3,PEN,1,2400,2400,2400,2400,78,30.77,1,0,0,null,2026-07-14T01:25:15.299954Z
2026-07-14,Parques De La Huaca Etapa 1,3,PEN,1,2300,2300,2300,2300,76,30.26,1,0,0,null,2026-07-14T01:25:15.299954Z
2026-07-14,Parques De La Huaca Etapa 1,4,PEN,1,2250,2250,2250,2250,85,26.47,1,0,0,null,2026-07-14T01:25:15.299954Z
2026-07-14,Parques De La Huaca Etapa 6,3,PEN,1,2400,2400,2400,2400,80,30,1,0,0,null,2026-07-14T01:25:15.299954Z
2026-07-14,Portada Del Sol,2,PEN,1,1800,1800,1800,1800,60,30,1,0,0,null,2026-07-14T01:25:15.299954Z
2026-07-14,Portada Del Sol Etapa I,2,PEN,1,1300,1300,1300,1300,81,16.05,1,0,0,null,2026-07-14T01:25:15.299954Z
2026-07-14,Prolong. Benavides,1,PEN,1,1900,1900,1900,1900,60,31.67,1,0,0,null,2026-07-14T01:25:15.299954Z
2026-07-14,Prolongacion Benavides,1,PEN,1,1850,1850,1850,1850,44,42.05,1,0,0,null,2026-07-14T01:25:15.299954Z
2026-07-14,Prolongacion Benavides,2,PEN,1,2500,2500,2500,2500,99,25.25,1,0,0,null,2026-07-14T01:25:15.299954Z
2026-07-14,Pueblo Libre,1,PEN,16,1592.5,1600,800,2290,43.13,37.5,16,0,0,null,2026-07-14T01:25:15.299954Z
2026-07-14,Pueblo Libre,2,PEN,21,2114.29,2200,1400,3000,66.48,32.26,21,0,0,null,2026-07-14T01:25:15.299954Z
2026-07-14,Pueblo Libre,3,PEN,25,2456,2400,1800,3000,80.08,30.38,25,0,0,null,2026-07-14T01:25:15.299954Z
2026-07-14,Pueblo Libre,4,PEN,1,3100,3100,3100,3100,110,28.18,1,0,0,null,2026-07-14T01:25:15.299954Z
2026-07-14,Pulpos,3,PEN,1,2300,2300,2300,2300,120,19.17,1,0,0,null,2026-07-14T01:25:15.299954Z
2026-07-14,Punta Negra,2,PEN,1,890,890,890,890,40,22.25,1,0,0,null,2026-07-14T01:25:15.299954Z
2026-07-14,Residencial Isabelita,2,PEN,1,3600,3600,3600,3600,68,52.94,1,0,0,null,2026-07-14T01:25:15.299954Z
2026-07-14,Residencial Monterrico,1,PEN,1,1900,1900,1900,1900,33,57.58,1,0,0,null,2026-07-14T01:25:15.299954Z
2026-07-14,Residencial Monterrico,2,PEN,1,2500,2500,2500,2500,70,35.71,1,0,0,null,2026-07-14T01:25:15.299954Z
2026-07-14,Residencial San Felipe,2,PEN,1,2300,2300,2300,2300,63,36.51,1,0,0,null,2026-07-14T01:25:15.299954Z
2026-07-14,Residencial San Felipe,3,PEN,2,3350,3200,3200,3500,92.5,35.56,2,0,0,null,2026-07-14T01:25:15.299954Z
2026-07-14,Ricardo Palma,2,PEN,1,2200,2200,2200,2200,60,36.67,1,0,0,null,2026-07-14T01:25:15.299954Z
2026-07-14,Rinconada Del Lago,2,PEN,1,2000,2000,2000,2000,70,28.57,1,0,0,null,2026-07-14T01:25:15.299954Z
2026-07-14,Risso,1,PEN,1,2100,2100,2100,2100,42,50,1,0,0,null,2026-07-14T01:25:15.299954Z
2026-07-14,Risso,2,PEN,1,2150,2150,2150,2150,72,29.86,1,0,0,null,2026-07-14T01:25:15.299954Z
2026-07-14,Risso,3,PEN,1,2600,2600,2600,2600,83,31.33,1,0,0,null,2026-07-14T01:25:15.299954Z
2026-07-14,Rivera Sur,3,PEN,1,3500,3500,3500,3500,250,14,1,0,0,null,2026-07-14T01:25:15.299954Z
2026-07-14,Rímac,2,PEN,4,1375,1200,1000,1800,54.25,23.53,4,0,0,null,2026-07-14T01:25:15.299954Z
2026-07-14,S/n,2,PEN,1,2800,2800,2800,2800,53,52.83,1,0,0,null,2026-07-14T01:25:15.299954Z
2026-07-14,Sagitario,1,PEN,1,1200,1200,1200,1200,40,30,1,0,0,null,2026-07-14T01:25:15.299954Z
2026-07-14,Salamanca De Monterrico,2,PEN,2,1450,1400,1400,1500,65,21.43,2,0,0,null,2026-07-14T01:25:15.299954Z
2026-07-14,Salamanca De Monterrico,3,PEN,3,2966.67,3200,2500,3200,116.67,29.09,3,0,0,null,2026-07-14T01:25:15.299954Z
2026-07-14,San Antonio,1,PEN,1,1200,1200,1200,1200,25,48,1,0,0,null,2026-07-14T01:25:15.299954Z
2026-07-14,San Antonio,2,PEN,2,1900,1600,1600,2200,62.5,27.5,2,0,0,null,2026-07-14T01:25:15.299954Z
2026-07-14,San Bartolo,1,PEN,1,3500,3500,3500,3500,60,58.33,1,0,0,null,2026-07-14T01:25:15.299954Z
2026-07-14,San Bartolo,3,PEN,1,4200,4200,4200,4200,100,42,1,0,0,null,2026-07-14T01:25:15.299954Z
2026-07-14,San Borja,1,PEN,9,1438.89,1350,1000,2400,36.44,37.14,9,0,0,null,2026-07-14T01:25:15.299954Z
2026-07-14,San Borja,2,PEN,7,3340,3200,1880,5200,80.86,50,7,0,0,null,2026-07-14T01:25:15.299954Z
2026-07-14,San Borja,3,PEN,9,3422.22,3400,3000,4000,108.11,33.68,9,0,0,null,2026-07-14T01:25:15.299954Z
2026-07-14,San Borja,4,PEN,1,4200,4200,4200,4200,170,24.71,1,0,0,null,2026-07-14T01:25:15.299954Z
2026-07-14,San Borja Norte,3,PEN,1,3500,3500,3500,3500,90,38.89,1,0,0,null,2026-07-14T01:25:15.299954Z
2026-07-14,San Borja Sur,1,PEN,1,2000,2000,2000,2000,75,26.67,1,0,0,null,2026-07-14T01:25:15.299954Z
2026-07-14,San Carlos,3,PEN,1,1400,1400,1400,1400,110,12.73,1,0,0,null,2026-07-14T01:25:15.299954Z
2026-07-14,San Eugenio,1,PEN,1,2200,2200,2200,2200,50,44,1,0,0,null,2026-07-14T01:25:15.299954Z
2026-07-14,San Felipe,1,PEN,1,1700,1700,1700,1700,60,28.33,1,0,0,null,2026-07-14T01:25:15.299954Z
2026-07-14,San Felipe,3,PEN,1,7000,7000,7000,7000,152,46.05,1,0,0,null,2026-07-14T01:25:15.299954Z
2026-07-14,San Gabriel,3,PEN,1,1000,1000,1000,1000,120,8.33,1,0,0,null,2026-07-14T01:25:15.299954Z
2026-07-14,San Isidro,1,PEN,28,2602.5,2550,1750,3540,47.13,56.44,28,0,0,null,2026-07-14T01:25:15.299954Z
2026-07-14,San Isidro,2,PEN,25,3193.4,3200,2200,4800,67.46,51.54,25,0,0,null,2026-07-14T01:25:15.299954Z
2026-07-14,San Isidro,3,PEN,8,3612.5,3500,2900,4500,116.38,30,8,0,0,null,2026-07-14T01:25:15.299954Z
2026-07-14,San Juan De Lurigancho,1,PEN,2,900,850,850,950,50,17,2,0,0,null,2026-07-14T01:25:15.299954Z
2026-07-14,San Juan De Lurigancho,2,PEN,1,1300,1300,1300,1300,65,20,1,0,0,null,2026-07-14T01:25:15.299954Z
2026-07-14,San Juan De Lurigancho,3,PEN,1,2000,2000,2000,2000,163,12.27,1,0,0,null,2026-07-14T01:25:15.299954Z
2026-07-14,San Juan De Lurigancho,4,PEN,3,1766.67,1800,1500,2000,137,12.59,3,0,0,null,2026-07-14T01:25:15.299954Z
2026-07-14,San Juan De Miraflores,1,PEN,2,1100,900,900,1300,45,18.57,2,0,0,null,2026-07-14T01:25:15.299954Z
2026-07-14,San Juan De Miraflores,2,PEN,2,1550,1100,1100,2000,87.5,16.67,2,0,0,null,2026-07-14T01:25:15.299954Z
2026-07-14,San Juan De Miraflores,3,PEN,1,1700,1700,1700,1700,75,22.67,1,0,0,null,2026-07-14T01:25:15.299954Z
2026-07-14,San Judas Tadeo,1,PEN,1,1350,1350,1350,1350,60,22.5,1,0,0,null,2026-07-14T01:25:15.299954Z
2026-07-14,San Luis,1,PEN,3,1883.33,1300,1200,3150,43,40,3,0,0,null,2026-07-14T01:25:15.299954Z
2026-07-14,San Luis,3,PEN,1,1850,1850,1850,1850,67,27.61,1,0,0,null,2026-07-14T01:25:15.299954Z
2026-07-14,San Martin,1,PEN,1,1950,1950,1950,1950,50,39,1,0,0,null,2026-07-14T01:25:15.299954Z
2026-07-14,San Martin De Porres,3,PEN,1,1200,1200,1200,1200,140,8.57,1,0,0,null,2026-07-14T01:25:15.299954Z
2026-07-14,San Martín De Porres,1,PEN,1,1200,1200,1200,1200,70,17.14,1,0,0,null,2026-07-14T01:25:15.299954Z
2026-07-14,San Martín De Porres,2,PEN,6,931.67,800,700,1300,86.67,10.83,6,0,0,null,2026-07-14T01:25:15.299954Z
2026-07-14,San Martín De Porres,3,PEN,3,1113.33,1000,850,1490,68.33,13.08,3,0,0,null,2026-07-14T01:25:15.299954Z
2026-07-14,San Martín De Porres,4,PEN,1,1590,1590,1590,1590,110,14.45,1,0,0,null,2026-07-14T01:25:15.299954Z
2026-07-14,San Miguel,1,PEN,28,1581.39,1650,900,2100,41.21,37.62,28,0,0,null,2026-07-14T01:25:15.299954Z
2026-07-14,San Miguel,2,PEN,24,2032.08,1990,1500,2800,66.54,30,24,0,0,null,2026-07-14T01:25:15.299954Z
2026-07-14,San Miguel,3,PEN,32,2277.47,2300,1850,3000,80.03,29.11,32,0,0,null,2026-07-14T01:25:15.299954Z
2026-07-14,Santa Ana,2,PEN,1,3300,3300,3300,3300,66,50,1,0,0,null,2026-07-14T01:25:15.299954Z
2026-07-14,Santa Anita,2,PEN,5,1640,1800,1200,2000,84.6,20.15,5,0,0,null,2026-07-14T01:25:15.299954Z
2026-07-14,Santa Anita,3,PEN,2,2050,1600,1600,2500,105,17.24,2,0,0,null,2026-07-14T01:25:15.299954Z
2026-07-14,Santa Anita,4,PEN,1,2000,2000,2000,2000,97,20.62,1,0,0,null,2026-07-14T01:25:15.299954Z
2026-07-14,Santa Beatriz,1,PEN,7,1848.57,1700,1500,2800,47,41.46,7,0,0,null,2026-07-14T01:25:15.299954Z
2026-07-14,Santa Beatriz,2,PEN,4,2250,2200,2000,2500,63,35.71,4,0,0,null,2026-07-14T01:25:15.299954Z
2026-07-14,Santa Beatriz,3,PEN,2,2400,2000,2000,2800,83,26.32,2,0,0,null,2026-07-14T01:25:15.299954Z
2026-07-14,Santa Catalina,1,PEN,3,1966.67,2000,1900,2000,40,50,3,0,0,null,2026-07-14T01:25:15.299954Z
2026-07-14,Santa Catalina,2,PEN,6,2284.17,2105,2000,2800,61,35.59,6,0,0,null,2026-07-14T01:25:15.299954Z
2026-07-14,Santa Catalina,3,PEN,2,2725,2700,2700,2750,85,30,2,0,0,null,2026-07-14T01:25:15.299954Z
2026-07-14,Santa Catalina,4,PEN,1,4000,4000,4000,4000,124,32.26,1,0,0,null,2026-07-14T01:25:15.299954Z
2026-07-14,Santa Cruz,1,PEN,1,3400,3400,3400,3400,60,56.67,1,0,0,null,2026-07-14T01:25:15.299954Z
2026-07-14,Santa Cruz,2,PEN,1,4300,4300,4300,4300,92,46.74,1,0,0,null,2026-07-14T01:25:15.299954Z
2026-07-14,Santa Patricia,2,PEN,3,1283.33,1250,1100,1500,51.33,26.6,3,0,0,null,2026-07-14T01:25:15.299954Z
2026-07-14,Santa Patricia,3,PEN,1,2700,2700,2700,2700,120,22.5,1,0,0,null,2026-07-14T01:25:15.299954Z
2026-07-14,Santa Patricia I-etapa,2,PEN,2,1025,800,800,1250,37,25,2,0,0,null,2026-07-14T01:25:15.299954Z
2026-07-14,Santa Raquel,2,PEN,1,1750,1750,1750,1750,80,21.88,1,0,0,null,2026-07-14T01:25:15.299954Z
2026-07-14,Santa Rosa,1,PEN,1,850,850,850,850,32,26.56,1,0,0,null,2026-07-14T01:25:15.299954Z
2026-07-14,Santa Rosa,3,PEN,1,3850,3850,3850,3850,97,39.69,1,0,0,null,2026-07-14T01:25:15.299954Z
2026-07-14,Santa Rosa De Surco,2,PEN,1,1900,1900,1900,1900,110,17.27,1,0,0,null,2026-07-14T01:25:15.299954Z
2026-07-14,Santa Rosa De Surco,3,PEN,2,2025,1800,1800,2250,97,19.57,2,0,0,null,2026-07-14T01:25:15.299954Z
2026-07-14,Santa Rosita,3,PEN,1,1450,1450,1450,1450,83,17.47,1,0,0,null,2026-07-14T01:25:15.299954Z
2026-07-14,Santa Teresa,1,PEN,1,2900,2900,2900,2900,70,41.43,1,0,0,null,2026-07-14T01:25:15.299954Z
2026-07-14,Santiago De Surco,1,PEN,14,1482,1300,900,2600,39.86,33.33,14,0,0,null,2026-07-14T01:25:15.299954Z
2026-07-14,Santiago De Surco,2,PEN,18,2195.28,2250,1300,3000,67.89,32.47,18,0,0,null,2026-07-14T01:25:15.299954Z
2026-07-14,Santiago De Surco,3,PEN,15,2707.93,2500,1800,3750,99.93,31.17,15,0,0,null,2026-07-14T01:25:15.299954Z
2026-07-14,Santiago De Surco,4,PEN,4,3545,3200,2780,4900,125,24.62,4,0,0,null,2026-07-14T01:25:15.299954Z
2026-07-14,Santo Domingo,1,PEN,1,600,600,600,600,35,17.14,1,0,0,null,2026-07-14T01:25:15.299954Z
2026-07-14,Sirius,1,PEN,1,1650,1650,1650,1650,50,33,1,0,0,null,2026-07-14T01:25:15.299954Z
2026-07-14,Sirius,3,PEN,1,2900,2900,2900,2900,91,31.87,1,0,0,null,2026-07-14T01:25:15.299954Z
2026-07-14,Surquillo,1,PEN,15,1616,1850,700,2200,42.4,44.05,15,0,0,null,2026-07-14T01:25:15.299954Z
2026-07-14,Surquillo,2,PEN,16,2309.38,2300,1700,2700,59.25,36.76,16,0,0,null,2026-07-14T01:25:15.299954Z
2026-07-14,Surquillo,3,PEN,8,2768.75,2700,2500,3200,78,34.62,8,0,0,null,2026-07-14T01:25:15.299954Z
2026-07-14,Surquillo,4,PEN,1,4300,4300,4300,4300,179,24.02,1,0,0,null,2026-07-14T01:25:15.299954Z
2026-07-14,Tambo De Monterrico,1,PEN,1,1250,1250,1250,1250,30,41.67,1,0,0,null,2026-07-14T01:25:15.299954Z
2026-07-14,Tambo De Monterrico,3,PEN,1,4000,4000,4000,4000,106,37.74,1,0,0,null,2026-07-14T01:25:15.299954Z
2026-07-14,Tejada Alta,1,PEN,1,2500,2500,2500,2500,44,56.82,1,0,0,null,2026-07-14T01:25:15.299954Z
2026-07-14,Tejadita,2,PEN,1,1600,1600,1600,1600,78,20.51,1,0,0,null,2026-07-14T01:25:15.299954Z
2026-07-14,Tejadita,3,PEN,1,5100,5100,5100,5100,139,36.69,1,0,0,null,2026-07-14T01:25:15.299954Z
2026-07-14,Tradiciones Ricardo Palma,2,PEN,1,1300,1300,1300,1300,62,20.97,1,0,0,null,2026-07-14T01:25:15.299954Z
2026-07-14,Tupac Amaru,4,PEN,1,2300,2300,2300,2300,128,17.97,1,0,0,null,2026-07-14T01:25:15.299954Z
2026-07-14,Umamarca,2,PEN,1,1200,1200,1200,1200,75,16,1,0,0,null,2026-07-14T01:25:15.299954Z
2026-07-14,Valle Hermoso,2,PEN,1,2100,2100,2100,2100,60,35,1,0,0,null,2026-07-14T01:25:15.299954Z
2026-07-14,Valle Hermoso,3,PEN,4,3325,3300,3000,3500,109.25,27.27,4,0,0,null,2026-07-14T01:25:15.299954Z
2026-07-14,Valle Hermoso Oeste,2,PEN,1,3100,3100,3100,3100,89,34.83,1,0,0,null,2026-07-14T01:25:15.299954Z
2026-07-14,Villa Del Norte,2,PEN,1,1250,1250,1250,1250,80,15.63,1,0,0,null,2026-07-14T01:25:15.299954Z
2026-07-14,Villa El Contador,4,PEN,1,2000,2000,2000,2000,90,22.22,1,0,0,null,2026-07-14T01:25:15.299954Z
2026-07-14,Villa El Salvador,1,PEN,1,1700,1700,1700,1700,48,35.42,1,0,0,null,2026-07-14T01:25:15.299954Z
2026-07-14,Villa El Salvador,2,PEN,3,1316.67,1200,850,1900,62.67,22.22,3,0,0,null,2026-07-14T01:25:15.299954Z
2026-07-14,Villa El Salvador,3,PEN,1,1500,1500,1500,1500,120,12.5,1,0,0,null,2026-07-14T01:25:15.299954Z
2026-07-14,Villa Hiper,3,PEN,1,1500,1500,1500,1500,120,12.5,1,0,0,null,2026-07-14T01:25:15.299954Z
2026-07-14,Villa Los Angeles,2,PEN,1,1300,1300,1300,1300,80,16.25,1,0,0,null,2026-07-14T01:25:15.299954Z
2026-07-14,Villa Naval De San Luis,1,PEN,1,1800,1800,1800,1800,60,30,1,0,0,null,2026-07-14T01:25:15.299954Z
2026-07-14,Villa Sol Etapa Iv,2,PEN,1,900,900,900,900,65,13.85,1,0,0,null,2026-07-14T01:25:15.299954Z
2026-07-14,Vipep,3,PEN,1,3200,3200,3200,3200,80,40,1,0,0,null,2026-07-14T01:25:15.299954Z
2026-07-14,Vista Alegre,1,PEN,1,680,680,680,680,12,56.67,1,0,0,null,2026-07-14T01:25:15.299954Z
2026-07-14,Vista Alegre,2,PEN,1,2600,2600,2600,2600,80,32.5,1,0,0,null,2026-07-14T01:25:15.299954Z
2026-07-14,Viña San Francisco,2,PEN,1,1500,1500,1500,1500,55,27.27,1,0,0,null,2026-07-14T01:25:15.299954Z
2026-07-14,Zarate,3,PEN,1,1750,1750,1750,1750,125,14,1,0,0,null,2026-07-14T01:25:15.299954Z
